{"name":"build-javascript","namedChunkGroups":{"polyfill":{"name":"polyfill","assets":[{"name":"webpack-runtime-83af7abe7f941f7cdd9b.js","size":5103},{"name":"polyfill-4718f0fec20e0d09d7f5.js","size":85862}],"filteredAssets":0,"assetsSize":90965,"filteredAuxiliaryAssets":2,"auxiliaryAssetsSize":228192},"app":{"name":"app","assets":[{"name":"webpack-runtime-83af7abe7f941f7cdd9b.js","size":5103},{"name":"styles.cca3448beabc37cfbb0a.css","size":221464},{"name":"framework-6bdc9aaa9caa3de6408b.js","size":129775},{"name":"app-c00911f701dfdf81a69a.js","size":71367}],"filteredAssets":0,"assetsSize":427709,"filteredAuxiliaryAssets":21,"auxiliaryAssetsSize":865951},"component---src-pages-404-js":{"name":"component---src-pages-404-js","assets":[{"name":"styles.cca3448beabc37cfbb0a.css","size":221464},{"name":"b421bf2b7d991cff6f968f12e1ca54cf112e0d9c-25ac7584d75510ee84e5.js","size":16839},{"name":"component---src-pages-404-js-ea3a5b498905eef1210b.js","size":483}],"filteredAssets":0,"assetsSize":238786,"filteredAuxiliaryAssets":20,"auxiliaryAssetsSize":266906},"component---src-pages-index-js":{"name":"component---src-pages-index-js","assets":[{"name":"styles.cca3448beabc37cfbb0a.css","size":221464},{"name":"component---src-pages-index-js-b372d8de055367bd36fc.js","size":177992}],"filteredAssets":0,"assetsSize":399456,"filteredAuxiliaryAssets":26,"auxiliaryAssetsSize":55042745},"component---src-templates-using-dsg-js":{"name":"component---src-templates-using-dsg-js","assets":[{"name":"styles.cca3448beabc37cfbb0a.css","size":221464},{"name":"b421bf2b7d991cff6f968f12e1ca54cf112e0d9c-25ac7584d75510ee84e5.js","size":16839},{"name":"component---src-templates-using-dsg-js-078f385c993ab9d87bec.js","size":794}],"filteredAssets":0,"assetsSize":239097,"filteredAuxiliaryAssets":20,"auxiliaryAssetsSize":267344}},"assetsByChunkName":{"polyfill":["webpack-runtime-83af7abe7f941f7cdd9b.js","polyfill-4718f0fec20e0d09d7f5.js"],"app":["webpack-runtime-83af7abe7f941f7cdd9b.js","styles.cca3448beabc37cfbb0a.css","framework-6bdc9aaa9caa3de6408b.js","app-c00911f701dfdf81a69a.js"],"component---src-pages-404-js":["styles.cca3448beabc37cfbb0a.css","b421bf2b7d991cff6f968f12e1ca54cf112e0d9c-25ac7584d75510ee84e5.js","component---src-pages-404-js-ea3a5b498905eef1210b.js"],"component---src-pages-index-js":["styles.cca3448beabc37cfbb0a.css","component---src-pages-index-js-b372d8de055367bd36fc.js"],"component---src-templates-using-dsg-js":["styles.cca3448beabc37cfbb0a.css","b421bf2b7d991cff6f968f12e1ca54cf112e0d9c-25ac7584d75510ee84e5.js","component---src-templates-using-dsg-js-078f385c993ab9d87bec.js"]},"childAssetsByChunkName":{}}